DROP ALL OBJECTS;

CREATE TABLE actor(id INT PRIMARY KEY, name VARCHAR(255));
CREATE TABLE movie(id INT PRIMARY KEY, title VARCHAR(255), release_date VARCHAR(255), duration INT, type VARCHAR(255), director VARCHAR(255), category VARCHAR(255), owner INT);
CREATE TABLE movie_actor(movie_id INT NOT NULL, actor_id INT NOT NULL);
CREATE TABLE user(id INT PRIMARY KEY, name VARCHAR(255), debt DECIMAL);


INSERT INTO actor(id, name) VALUES (1, 'Cezary Pazura');
INSERT INTO actor(id, name) VALUES (2, 'Małgorzata Kożuchowska');
INSERT INTO actor(id, name) VALUES (3, 'Jerzy Stuhr');
INSERT INTO actor(id, name) VALUES (4, 'Janusz Rewiński');
INSERT INTO actor(id, name) VALUES (5, 'Maciej Stuhr');
INSERT INTO actor(id, name) VALUES (6, 'Karolina Rosińska');
INSERT INTO actor(id, name) VALUES (7, 'Michał Milowicz');
INSERT INTO actor(id, name) VALUES (8, 'Edward Linde-Lubaszenko');
INSERT INTO actor(id, name) VALUES (9, 'Gerard Butler');
INSERT INTO actor(id, name) VALUES (10, 'Jamie Foxx');
INSERT INTO actor(id, name) VALUES (11, 'Liam Neeson');
INSERT INTO actor(id, name) VALUES (12, 'Maggie Grace');
INSERT INTO actor(id, name) VALUES (13, 'Marlon Brando');
INSERT INTO actor(id, name) VALUES (14, 'Al Pacino');
INSERT INTO actor(id, name) VALUES (15, 'Diane Keaton');
INSERT INTO actor(id, name) VALUES (16, 'Robert Duvall');
INSERT INTO actor(id, name) VALUES (17, 'Robert De Niro');
INSERT INTO actor(id, name) VALUES (18, 'Ray Liotta');
INSERT INTO actor(id, name) VALUES (19, 'Joe Pesci');
INSERT INTO actor(id, name) VALUES (20, 'Leonardo DiCaprio');
INSERT INTO actor(id, name) VALUES (21, 'Matt Damon');
INSERT INTO actor(id, name) VALUES (22, 'Jack Nicholson');
INSERT INTO actor(id, name) VALUES (23, 'Mark Wahlberg');
INSERT INTO actor(id, name) VALUES (24, 'Johnny Depp');
INSERT INTO actor(id, name) VALUES (25, 'Keira Knightley');
INSERT INTO actor(id, name) VALUES (26, 'Orlando Bloom');
INSERT INTO actor(id, name) VALUES (27, 'Mark Ruffalo');
INSERT INTO actor(id, name) VALUES (28, 'Ben Kingsley');
INSERT INTO actor(id, name) VALUES (29, 'Edward Norton');
INSERT INTO actor(id, name) VALUES (30, 'Brad Pitt');
INSERT INTO actor(id, name) VALUES (31, 'Helena Bonham Carter');
INSERT INTO actor(id, name) VALUES (32, 'James Wood');
INSERT INTO actor(id, name) VALUES (33, 'Christian Bale');
INSERT INTO actor(id, name) VALUES (34, 'Heath Ledger');
INSERT INTO actor(id, name) VALUES (35, 'Gary Oldman');
INSERT INTO actor(id, name) VALUES (36, 'Mélanie Laurent');
INSERT INTO actor(id, name) VALUES (37, 'Christoph Waltz');
INSERT INTO actor(id, name) VALUES (38, 'Ashton Kutcher');
INSERT INTO actor(id, name) VALUES (39, 'Amy Smart');
INSERT INTO actor(id, name) VALUES (40, 'Franka Potente');
INSERT INTO actor(id, name) VALUES (41, 'Willem Dafoe');
INSERT INTO actor(id, name) VALUES (42, 'Sean Patrick Flanery');
INSERT INTO actor(id, name) VALUES (43, 'Norman Reedus');
INSERT INTO actor(id, name) VALUES (44, 'Tom Hanks');
INSERT INTO actor(id, name) VALUES (45, 'Michael Clarke Duncan');
INSERT INTO actor(id, name) VALUES (46, 'François Cluzet');
INSERT INTO actor(id, name) VALUES (47, 'Omar Sy');
INSERT INTO actor(id, name) VALUES (48, 'Felicity Jones');
INSERT INTO actor(id, name) VALUES (49, 'Joseph Gordon-Levitt');
INSERT INTO actor(id, name) VALUES (50, 'Shailene Woodley');
INSERT INTO actor(id, name) VALUES (51, 'Marion Cotillard');
INSERT INTO actor(id, name) VALUES (52, 'Michael Fassbender');
INSERT INTO actor(id, name) VALUES (53, 'Benedict Cumberbatch');
INSERT INTO actor(id, name) VALUES (54, 'Rachel McAdams');
INSERT INTO actor(id, name) VALUES (55, 'Anna Kendrick');
INSERT INTO actor(id, name) VALUES (56, 'Ben Affleck');
INSERT INTO actor(id, name) VALUES (57, 'Diego Luna');
INSERT INTO actor(id, name) VALUES (58, 'Andrew Garfield');
INSERT INTO actor(id, name) VALUES (59, 'Sam Worthington');
INSERT INTO actor(id, name) VALUES (60, 'Teresa Palmer');
INSERT INTO actor(id, name) VALUES (61, 'Amy Adams');
INSERT INTO actor(id, name) VALUES (62, 'Jeremy Renner');
INSERT INTO actor(id, name) VALUES (63, 'Forest Whitaker');
INSERT INTO actor(id, name) VALUES (64, 'Aaron Eckhart');
INSERT INTO actor(id, name) VALUES (65, 'Jonah Hill');
INSERT INTO actor(id, name) VALUES (66, 'Miles Teller');
INSERT INTO actor(id, name) VALUES (67, 'Bradley Cooper');
INSERT INTO actor(id, name) VALUES (68, 'Ana de Armas');

INSERT INTO movie(id, title, release_date, duration, type, director, category) VALUES (1, 'Kiler', '17-10-1997', 104, 'Comedy', 'Juliusz Machulski', 'HIT');
INSERT INTO movie(id, title, release_date, duration, type, director, category) VALUES (2, 'Poranek kojota', '24-08-2001', 92, 'Comedy', 'Olaf Lubaszenko', 'HIT');
INSERT INTO movie(id, title, release_date, duration, type, director, category) VALUES (3, 'Chłopaki nie płaczą', '25-02-2000', 96, 'Comedy', 'Olaf Lubaszenko', 'HIT');
INSERT INTO movie(id, title, release_date, duration, type, director, category) VALUES (4, 'Law Abiding Citizen', '23-09-2009', 109, 'Thriller', 'F. Gary Gray', 'HIT');
INSERT INTO movie(id, title, release_date, duration, type, director, category) VALUES (5, 'Taken', '27-02-2008', 93, 'Action', 'Pierre Morel', 'HIT');
INSERT INTO movie(id, title, release_date, duration, type, director, category) VALUES (6, 'The Godfather', '15-03-1972', 175, 'Drama', 'Francis Ford Coppola', 'HIT');
INSERT INTO movie(id, title, release_date, duration, type, director, category) VALUES (7, 'Goodfellas', '12-09-1990', 146, 'Drama', 'Martin Scorsese', 'HIT');
INSERT INTO movie(id, title, release_date, duration, type, director, category, owner) VALUES (8, 'The Departed', '26-09-2006', 152, 'Criminal', 'Martin Scorsese', 'HIT', 1);
INSERT INTO movie(id, title, release_date, duration, type, director, category) VALUES (9, 'Pirates of the Caribbean: The Curse of the Black Pearl', '28-06-2003', 143, 'Adventure', 'Gore Verbinski', 'HIT');
INSERT INTO movie(id, title, release_date, duration, type, director, category) VALUES (10, 'Shutter Island', '13-02-2010', 138, 'Drama', 'Martin Scorsese', 'HIT');
INSERT INTO movie(id, title, release_date, duration, type, director, category) VALUES (11, 'Schindlers List', '30-11-1993', 195, 'Drama', 'Steven Spielberg', 'OTHER');
INSERT INTO movie(id, title, release_date, duration, type, director, category) VALUES (12, 'Fight Club', '10-09-1999', 139, 'Thriller', 'David Fincher', 'OTHER');
INSERT INTO movie(id, title, release_date, duration, type, director, category, owner) VALUES (13, 'Once Upon a Time in America', '17-02-1984', 229, 'Drama', 'Sergio Leone', 'OTHER', 1);
INSERT INTO movie(id, title, release_date, duration, type, director, category) VALUES (14, 'The Dark Knight', '14-07-2007', 152, 'Action', 'Christopher Nolan', 'OTHER');
INSERT INTO movie(id, title, release_date, duration, type, director, category) VALUES (15, 'Inglourious Basterds', '20-05-2009', 153, 'War', 'Quentin Tarantino', 'OTHER');
INSERT INTO movie(id, title, release_date, duration, type, director, category) VALUES (16, 'The Butterfly Effect', '22-01-2004', 113, 'Thriller', 'J. Mackye Gruber', 'OTHER');
INSERT INTO movie(id, title, release_date, duration, type, director, category) VALUES (17, 'The Bourne Identity', '06-06-2002', 119, 'Action', 'Doug Liman', 'OTHER');
INSERT INTO movie(id, title, release_date, duration, type, director, category) VALUES (18, 'The Boondock Saints', '04-08-1999', 110, 'Action', 'Troy Duffy', 'OTHER');
INSERT INTO movie(id, title, release_date, duration, type, director, category) VALUES (19, 'The Green Mile', '06-12-1999', 188, 'Drama', 'Frank Darabont', 'OTHER');
INSERT INTO movie(id, title, release_date, duration, type, director, category) VALUES (20, 'Intouchables', '23-09-2011', 112, 'Drama', 'Olivier Nakache', 'OTHER');
INSERT INTO movie(id, title, release_date, duration, type, director, category) VALUES (21, 'Inferno', '12-10-2016', 121, 'Thriller', 'Ron Howard', 'NEW');
INSERT INTO movie(id, title, release_date, duration, type, director, category) VALUES (22, 'Snowden', '09-09-2016', 134, 'Biography', 'Oliver Stone', 'NEW');
INSERT INTO movie(id, title, release_date, duration, type, director, category) VALUES (23, 'Assassins Creed', '14-12-2006', 108, 'Adventure', 'Justin Kurzel', 'NEW');
INSERT INTO movie(id, title, release_date, duration, type, director, category, owner) VALUES (24, 'Doctor Strange', '20-10-2016', 115, 'Action', 'Scott Derrickson', 'NEW', 1);
INSERT INTO movie(id, title, release_date, duration, type, director, category) VALUES (25, 'The Accountant', '06-10-2016', 128, 'Drama', 'Gavin Connor', 'NEW');
INSERT INTO movie(id, title, release_date, duration, type, director, category) VALUES (26, 'Rogue One: A Star Wars Story', '10-12-2016', 133, 'Action', 'Gareth Edwards', 'NEW');
INSERT INTO movie(id, title, release_date, duration, type, director, category) VALUES (27, 'Hacksaw Ridge', '04-09-2016', 139, 'War', 'Mel Gibson', 'NEW');
INSERT INTO movie(id, title, release_date, duration, type, director, category) VALUES (28, 'Arrival', '01-09-2016', 116, 'Thriller', 'Denis Villeneuve', 'NEW');
INSERT INTO movie(id, title, release_date, duration, type, director, category) VALUES (29, 'Sully', '08-09-2016', 96, 'Biography', 'Clint Eastwood', 'NEW');
INSERT INTO movie(id, title, release_date, duration, type, director, category) VALUES (30, 'War Dogs', '18-08-2016', 114, 'Comedy', 'Todd Phillips', 'NEW');

INSERT INTO movie_actor(movie_id, actor_id) VALUES (1, 1);
INSERT INTO movie_actor(movie_id, actor_id) VALUES (1, 2);
INSERT INTO movie_actor(movie_id, actor_id) VALUES (1, 3);
INSERT INTO movie_actor(movie_id, actor_id) VALUES (1, 4);
INSERT INTO movie_actor(movie_id, actor_id) VALUES (2, 5);
INSERT INTO movie_actor(movie_id, actor_id) VALUES (2, 6);
INSERT INTO movie_actor(movie_id, actor_id) VALUES (2, 7);
INSERT INTO movie_actor(movie_id, actor_id) VALUES (2, 8);
INSERT INTO movie_actor(movie_id, actor_id) VALUES (3, 5);
INSERT INTO movie_actor(movie_id, actor_id) VALUES (3, 7);
INSERT INTO movie_actor(movie_id, actor_id) VALUES (3, 1);
INSERT INTO movie_actor(movie_id, actor_id) VALUES (4, 9);
INSERT INTO movie_actor(movie_id, actor_id) VALUES (4, 10);
INSERT INTO movie_actor(movie_id, actor_id) VALUES (5, 11);
INSERT INTO movie_actor(movie_id, actor_id) VALUES (5, 12);
INSERT INTO movie_actor(movie_id, actor_id) VALUES (6, 13);
INSERT INTO movie_actor(movie_id, actor_id) VALUES (6, 14);
INSERT INTO movie_actor(movie_id, actor_id) VALUES (6, 15);
INSERT INTO movie_actor(movie_id, actor_id) VALUES (6, 16);
INSERT INTO movie_actor(movie_id, actor_id) VALUES (7, 17);
INSERT INTO movie_actor(movie_id, actor_id) VALUES (7, 18);
INSERT INTO movie_actor(movie_id, actor_id) VALUES (7, 19);
INSERT INTO movie_actor(movie_id, actor_id) VALUES (8, 11);
INSERT INTO movie_actor(movie_id, actor_id) VALUES (8, 21);
INSERT INTO movie_actor(movie_id, actor_id) VALUES (8, 22);
INSERT INTO movie_actor(movie_id, actor_id) VALUES (8, 23);
INSERT INTO movie_actor(movie_id, actor_id) VALUES (9, 24);
INSERT INTO movie_actor(movie_id, actor_id) VALUES (9, 25);
INSERT INTO movie_actor(movie_id, actor_id) VALUES (9, 26);
INSERT INTO movie_actor(movie_id, actor_id) VALUES (10, 20);
INSERT INTO movie_actor(movie_id, actor_id) VALUES (10, 27);
INSERT INTO movie_actor(movie_id, actor_id) VALUES (10, 28);
INSERT INTO movie_actor(movie_id, actor_id) VALUES (11, 11);
INSERT INTO movie_actor(movie_id, actor_id) VALUES (11, 28);
INSERT INTO movie_actor(movie_id, actor_id) VALUES (12, 29);
INSERT INTO movie_actor(movie_id, actor_id) VALUES (12, 30);
INSERT INTO movie_actor(movie_id, actor_id) VALUES (12, 31);
INSERT INTO movie_actor(movie_id, actor_id) VALUES (13, 32);
INSERT INTO movie_actor(movie_id, actor_id) VALUES (13, 17);
INSERT INTO movie_actor(movie_id, actor_id) VALUES (13, 19);
INSERT INTO movie_actor(movie_id, actor_id) VALUES (14, 33);
INSERT INTO movie_actor(movie_id, actor_id) VALUES (14, 34);
INSERT INTO movie_actor(movie_id, actor_id) VALUES (14, 35);
INSERT INTO movie_actor(movie_id, actor_id) VALUES (14, 64);
INSERT INTO movie_actor(movie_id, actor_id) VALUES (15, 30);
INSERT INTO movie_actor(movie_id, actor_id) VALUES (15, 36);
INSERT INTO movie_actor(movie_id, actor_id) VALUES (15, 37);
INSERT INTO movie_actor(movie_id, actor_id) VALUES (16, 38);
INSERT INTO movie_actor(movie_id, actor_id) VALUES (16, 39);
INSERT INTO movie_actor(movie_id, actor_id) VALUES (17, 21);
INSERT INTO movie_actor(movie_id, actor_id) VALUES (17, 40);
INSERT INTO movie_actor(movie_id, actor_id) VALUES (18, 41);
INSERT INTO movie_actor(movie_id, actor_id) VALUES (18, 42);
INSERT INTO movie_actor(movie_id, actor_id) VALUES (18, 43);
INSERT INTO movie_actor(movie_id, actor_id) VALUES (19, 44);
INSERT INTO movie_actor(movie_id, actor_id) VALUES (19, 45);
INSERT INTO movie_actor(movie_id, actor_id) VALUES (20, 46);
INSERT INTO movie_actor(movie_id, actor_id) VALUES (20, 47);
INSERT INTO movie_actor(movie_id, actor_id) VALUES (21, 44);
INSERT INTO movie_actor(movie_id, actor_id) VALUES (21, 47);
INSERT INTO movie_actor(movie_id, actor_id) VALUES (21, 48);
INSERT INTO movie_actor(movie_id, actor_id) VALUES (22, 49);
INSERT INTO movie_actor(movie_id, actor_id) VALUES (22, 50);
INSERT INTO movie_actor(movie_id, actor_id) VALUES (23, 51);
INSERT INTO movie_actor(movie_id, actor_id) VALUES (23, 52);
INSERT INTO movie_actor(movie_id, actor_id) VALUES (24, 53);
INSERT INTO movie_actor(movie_id, actor_id) VALUES (24, 54);
INSERT INTO movie_actor(movie_id, actor_id) VALUES (25, 55);
INSERT INTO movie_actor(movie_id, actor_id) VALUES (25, 56);
INSERT INTO movie_actor(movie_id, actor_id) VALUES (26, 48);
INSERT INTO movie_actor(movie_id, actor_id) VALUES (26, 57);
INSERT INTO movie_actor(movie_id, actor_id) VALUES (27, 58);
INSERT INTO movie_actor(movie_id, actor_id) VALUES (27, 59);
INSERT INTO movie_actor(movie_id, actor_id) VALUES (27, 60);
INSERT INTO movie_actor(movie_id, actor_id) VALUES (28, 61);
INSERT INTO movie_actor(movie_id, actor_id) VALUES (28, 62);
INSERT INTO movie_actor(movie_id, actor_id) VALUES (28, 63);
INSERT INTO movie_actor(movie_id, actor_id) VALUES (29, 44);
INSERT INTO movie_actor(movie_id, actor_id) VALUES (29, 64);
INSERT INTO movie_actor(movie_id, actor_id) VALUES (30, 65);
INSERT INTO movie_actor(movie_id, actor_id) VALUES (30, 66);
INSERT INTO movie_actor(movie_id, actor_id) VALUES (30, 67);
INSERT INTO movie_actor(movie_id, actor_id) VALUES (30, 68);

INSERT INTO user(id, name, debt) VALUES (1, 'Jan Kowalski', 0);